clustering_method,pca_n_components,num_clusters,standardize,sum_cluster_values,all_cluster_values,accuracy_total,accuracy_Type_A,accuracy_Type_B,accuracy_Type_C,accuracy_Type_D,accuracy_Type_E,accuracy_Type_F,accuracy_Type_G,accuracy_Type_H,accuracy_Type_J
gmm,2,100,True,3903,7520,0.5190159574468085,0.7151724137931035,0.32602979842243646,0.4713804713804714,0.5664488017429193,0.3564356435643564,0.0,0.029411764705882353,0.029850746268656716,0.5742074927953891
gmm,2,92,True,3900,7520,0.5186170212765957,0.7151724137931035,0.32602979842243646,0.45847362514029183,0.5599128540305011,0.3415841584158416,0.08333333333333333,0.029411764705882353,0.022388059701492536,0.5972622478386167
gmm,3,67,True,3896,7520,0.5180851063829788,0.7358620689655172,0.3672217353198948,0.44276094276094274,0.5642701525054467,0.24257425742574257,0.08333333333333333,0.0,0.03731343283582089,0.5684438040345822
gmm,2,85,True,3896,7520,0.5180851063829788,0.7151724137931035,0.32602979842243646,0.4567901234567901,0.5577342047930284,0.35148514851485146,0.08333333333333333,0.029411764705882353,0.022388059701492536,0.5972622478386167
gmm,10,100,True,3891,7520,0.5174202127659574,0.5255172413793103,0.3987730061349693,0.494949494949495,0.5577342047930284,0.41089108910891087,0.08333333333333333,0.0,0.21641791044776118,0.6563400576368876
gmm,10,78,True,3886,7520,0.5167553191489361,0.5248275862068965,0.3987730061349693,0.4775533108866442,0.5758896151053013,0.43564356435643564,0.08333333333333333,0.0,0.23134328358208955,0.6527377521613833
gmm,10,85,True,3882,7520,0.5162234042553191,0.5248275862068965,0.3987730061349693,0.4691358024691358,0.5896877269426289,0.39603960396039606,0.08333333333333333,0.0,0.23134328358208955,0.6527377521613833
gmm,10,72,True,3869,7520,0.5144946808510639,0.5248275862068965,0.40315512708150747,0.5078563411896745,0.55119825708061,0.35148514851485146,0.08333333333333333,0.0,0.05223880597014925,0.6520172910662824
gmm,20,100,False,3864,7520,0.5138297872340426,0.9455172413793104,0.028921998247151623,0.4377104377104377,0.6230936819172114,0.22772277227722773,0.0,0.0,0.373134328358209,0.5230547550432276
gmm,20,92,False,3864,7520,0.5138297872340426,0.9455172413793104,0.028921998247151623,0.4377104377104377,0.6230936819172114,0.22772277227722773,0.0,0.0,0.1417910447761194,0.5453890489913544
gmm,5,32,True,3861,7520,0.5134308510638298,0.7027586206896552,0.37160385626643294,0.55331088664422,0.4074074074074074,0.22772277227722773,0.0,0.0,0.014925373134328358,0.5929394812680115
gmm,10,92,True,3860,7520,0.5132978723404256,0.5248275862068965,0.4040315512708151,0.4910213243546577,0.5410312273057372,0.40594059405940597,0.08333333333333333,0.0,0.21641791044776118,0.6527377521613833
gmm,5,30,True,3853,7520,0.5123670212765957,0.7027586206896552,0.37160385626643294,0.5488215488215489,0.4175744371822803,0.17326732673267325,0.0,0.0,0.0,0.5922190201729106
gmm,2,78,True,3850,7520,0.511968085106383,0.7151724137931035,0.4899211218229623,0.32098765432098764,0.5679012345679012,0.32673267326732675,0.08333333333333333,0.029411764705882353,0.022388059701492536,0.5972622478386167
gmm,20,85,False,3849,7520,0.5118351063829787,0.9462068965517242,0.026292725679228746,0.43209876543209874,0.6274509803921569,0.20297029702970298,0.0,0.0,0.1417910447761194,0.542507204610951
gmm,2,72,True,3835,7520,0.5099734042553191,0.7151724137931035,0.4899211218229623,0.2789001122334456,0.6136528685548294,0.31683168316831684,0.0,0.029411764705882353,0.022388059701492536,0.5972622478386167
gmm,2,67,True,3832,7520,0.5095744680851064,0.7151724137931035,0.4899211218229623,0.2895622895622896,0.599128540305011,0.3118811881188119,0.0,0.0,0.022388059701492536,0.5972622478386167
gmm,5,100,True,3830,7520,0.5093085106382979,0.5248275862068965,0.6783523225241017,0.36195286195286197,0.5388525780682644,0.35148514851485146,0.08333333333333333,0.0,0.03731343283582089,0.5987031700288185
gmm,2,57,True,3829,7520,0.5091755319148936,0.7151724137931035,0.4890446976336547,0.32154882154882153,0.5802469135802469,0.3118811881188119,0.0,0.0,0.022388059701492536,0.5734870317002881
gmm,2,61,True,3827,7520,0.5089095744680852,0.7151724137931035,0.4899211218229623,0.31313131313131315,0.588961510530138,0.3118811881188119,0.0,0.0,0.022388059701492536,0.5734870317002881
gmm,5,85,True,3826,7520,0.5087765957446808,0.5248275862068965,0.6783523225241017,0.3400673400673401,0.5642701525054467,0.3613861386138614,0.08333333333333333,0.0,0.05970149253731343,0.5951008645533141
gmm,5,92,True,3826,7520,0.5087765957446808,0.5248275862068965,0.6783523225241017,0.35185185185185186,0.5504720406681191,0.35148514851485146,0.08333333333333333,0.0,0.05223880597014925,0.595821325648415
gmm,2,52,True,3823,7520,0.5083776595744681,0.7151724137931035,0.4890446976336547,0.32154882154882153,0.5809731299927379,0.27722772277227725,0.0,0.0,0.022388059701492536,0.5734870317002881
gmm,10,100,False,3823,7520,0.5083776595744681,0.9448275862068966,0.0008764241893076249,0.43153759820426485,0.5526506899055919,0.18811881188118812,0.0,0.0,0.23880597014925373,0.6138328530259366
gmm,5,78,True,3822,7520,0.5082446808510638,0.5248275862068965,0.677475898334794,0.3372615039281706,0.5679012345679012,0.3465346534653465,0.25,0.0,0.29850746268656714,0.5706051873198847
gmm,5,72,True,3821,7520,0.5081117021276595,0.5255172413793103,0.677475898334794,0.3271604938271605,0.5751633986928104,0.3910891089108911,0.25,0.0,0.31343283582089554,0.5670028818443804
gmm,2,48,True,3818,7520,0.5077127659574469,0.7151724137931035,0.4899211218229623,0.29854096520763185,0.6100217864923747,0.2524752475247525,0.0,0.0,0.022388059701492536,0.5734870317002881
gmm,10,92,False,3818,7520,0.5077127659574469,0.9441379310344827,0.0008764241893076249,0.4298540965207632,0.5533769063180828,0.16831683168316833,0.0,0.0,0.23880597014925373,0.6152737752161384
gmm,2,45,True,3817,7520,0.5075797872340425,0.7151724137931035,0.4890446976336547,0.29797979797979796,0.5962236746550472,0.3316831683168317,0.0,0.0,0.022388059701492536,0.5763688760806917
gmm,2,41,True,3816,7520,0.5074468085106383,0.7151724137931035,0.4890446976336547,0.29741863075196406,0.5962236746550472,0.3316831683168317,0.0,0.0,0.022388059701492536,0.5763688760806917
gmm,20,100,True,3813,7520,0.5070478723404256,0.6731034482758621,0.5495179666958808,0.4820426487093154,0.3936092955700799,0.2871287128712871,0.16666666666666666,0.0,0.04477611940298507,0.5353025936599424
gmm,10,85,False,3812,7520,0.5069148936170212,0.9441379310344827,0.0008764241893076249,0.43602693602693604,0.5410312273057372,0.16831683168316833,0.0,0.0,0.23880597014925373,0.6152737752161384
gmm,10,72,False,3810,7520,0.5066489361702128,0.9441379310344827,0.0008764241893076249,0.43602693602693604,0.5337690631808278,0.16831683168316833,0.0,0.0,0.29850746268656714,0.6152737752161384
gmm,10,78,False,3810,7520,0.5066489361702128,0.9441379310344827,0.0008764241893076249,0.43602693602693604,0.5337690631808278,0.16831683168316833,0.0,0.0,0.29850746268656714,0.6152737752161384
gmm,10,67,True,3807,7520,0.50625,0.5248275862068965,0.3987730061349693,0.5785634118967452,0.41466957153231665,0.35148514851485146,0.08333333333333333,0.0,0.06716417910447761,0.654178674351585
gmm,10,67,False,3803,7520,0.5057180851063829,0.9441379310344827,0.0008764241893076249,0.4276094276094276,0.5337690631808278,0.16831683168316833,0.0,0.0,0.29850746268656714,0.6210374639769453
gmm,10,61,False,3796,7520,0.5047872340425532,0.9441379310344827,0.0008764241893076249,0.4270482603815937,0.5294117647058824,0.16831683168316833,0.0,0.0,0.29850746268656714,0.6210374639769453
gmm,2,100,False,3792,7520,0.5042553191489362,0.8434482758620689,0.32690622261174407,0.234006734006734,0.5875090777051561,0.034653465346534656,0.0,0.0,0.27611940298507465,0.6671469740634006
gmm,2,92,False,3791,7520,0.504122340425532,0.8434482758620689,0.0,0.44276094276094274,0.5875090777051561,0.034653465346534656,0.0,0.0,0.27611940298507465,0.6671469740634006
gmm,4,100,False,3789,7520,0.5038563829787234,0.9020689655172414,0.0,0.38271604938271603,0.5911401597676107,0.1782178217821782,0.0,0.058823529411764705,0.21641791044776118,0.6613832853025937
gmm,2,85,False,3789,7520,0.5038563829787234,0.8434482758620689,0.0,0.44107744107744107,0.5896877269426289,0.024752475247524754,0.0,0.0,0.27611940298507465,0.6671469740634006
gmm,3,100,True,3788,7520,0.5037234042553191,0.9124137931034483,0.0008764241893076249,0.4158249158249158,0.5896877269426289,0.24752475247524752,0.08333333333333333,0.0,0.029850746268656716,0.6167146974063401
gmm,2,78,False,3788,7520,0.5037234042553191,0.8434482758620689,0.0,0.44107744107744107,0.5896877269426289,0.024752475247524754,0.0,0.0,0.27611940298507465,0.6664265129682997
gmm,10,61,True,3787,7520,0.5035904255319149,0.5248275862068965,0.3987730061349693,0.5420875420875421,0.4662309368191721,0.24752475247524752,0.08333333333333333,0.0,0.029850746268656716,0.654178674351585
gmm,2,72,False,3787,7520,0.5035904255319149,0.8434482758620689,0.0,0.4393939393939394,0.5896877269426289,0.024752475247524754,0.0,0.0,0.27611940298507465,0.6678674351585014
gmm,2,48,False,3784,7520,0.5031914893617021,0.8434482758620689,0.0,0.43546576879910215,0.5925925925925926,0.024752475247524754,0.0,0.0,0.27611940298507465,0.6678674351585014
gmm,2,52,False,3784,7520,0.5031914893617021,0.8434482758620689,0.0,0.43546576879910215,0.5925925925925926,0.024752475247524754,0.0,0.0,0.27611940298507465,0.6678674351585014
gmm,2,57,False,3784,7520,0.5031914893617021,0.8434482758620689,0.0,0.43546576879910215,0.5925925925925926,0.024752475247524754,0.0,0.0,0.27611940298507465,0.6678674351585014
gmm,2,61,False,3784,7520,0.5031914893617021,0.8434482758620689,0.0,0.43546576879910215,0.5925925925925926,0.024752475247524754,0.0,0.0,0.27611940298507465,0.6678674351585014
gmm,2,67,False,3784,7520,0.5031914893617021,0.8434482758620689,0.0,0.43546576879910215,0.5925925925925926,0.024752475247524754,0.0,0.0,0.27611940298507465,0.6678674351585014
gmm,3,92,True,3782,7520,0.5029255319148936,0.9124137931034483,0.0008764241893076249,0.4180695847362514,0.5831517792302106,0.2376237623762376,0.16666666666666666,0.0,0.029850746268656716,0.6167146974063401
gmm,10,57,False,3780,7520,0.5026595744680851,0.9441379310344827,0.0008764241893076249,0.40179573512906847,0.5504720406681191,0.16831683168316833,0.0,0.0,0.29850746268656714,0.6210374639769453
gmm,2,45,False,3779,7520,0.5025265957446808,0.8434482758620689,0.0,0.4287317620650954,0.5976761074800291,0.024752475247524754,0.0,0.0,0.27611940298507465,0.6678674351585014
gmm,5,67,True,3774,7520,0.5018617021276596,0.8889655172413793,0.17177914110429449,0.33557800224466894,0.5744371822803195,0.3415841584158416,0.08333333333333333,0.0,0.3208955223880597,0.5670028818443804
gmm,4,92,False,3774,7520,0.5018617021276596,0.9020689655172414,0.0,0.38496071829405165,0.5773420479302832,0.1782178217821782,0.0,0.058823529411764705,0.21641791044776118,0.6613832853025937
gmm,2,41,False,3774,7520,0.5018617021276596,0.8434482758620689,0.0,0.43546576879910215,0.5976761074800291,0.024752475247524754,0.0,0.0,0.27611940298507465,0.6556195965417867
gmm,20,78,False,3774,7520,0.5018617021276596,0.7620689655172413,0.026292725679228746,0.4163860830527497,0.635439360929557,0.20297029702970298,0.0,0.0,0.1417910447761194,0.6930835734870316
gmm,5,57,True,3773,7520,0.5017287234042553,0.8889655172413793,0.0,0.5039281705948373,0.5156136528685549,0.24752475247524752,0.08333333333333333,0.0,0.2835820895522388,0.5670028818443804
gmm,2,38,False,3773,7520,0.5017287234042553,0.8434482758620689,0.0,0.43546576879910215,0.6005809731299927,0.0,0.0,0.0,0.27611940298507465,0.6556195965417867
gmm,2,35,False,3772,7520,0.5015957446808511,0.8434482758620689,0.0,0.43041526374859707,0.6005809731299927,0.0,0.0,0.0,0.3358208955223881,0.6556195965417867
gmm,2,32,False,3772,7520,0.5015957446808511,0.8434482758620689,0.0,0.43041526374859707,0.6005809731299927,0.0,0.0,0.0,0.3358208955223881,0.6556195965417867
gmm,2,30,False,3772,7520,0.5015957446808511,0.8434482758620689,0.0,0.43041526374859707,0.6005809731299927,0.0,0.0,0.0,0.3358208955223881,0.6556195965417867
gmm,5,61,True,3771,7520,0.5014627659574468,0.8889655172413793,0.0,0.500561167227834,0.5025417574437182,0.3465346534653465,0.08333333333333333,0.0,0.2835820895522388,0.5684438040345822
gmm,5,100,False,3771,7520,0.5014627659574468,0.8993103448275862,0.0017528483786152498,0.42536475869809204,0.5163398692810458,0.19801980198019803,0.0,0.0,0.21641791044776118,0.6678674351585014
gmm,20,72,False,3770,7520,0.5013297872340425,0.7620689655172413,0.026292725679228746,0.4163860830527497,0.6325344952795933,0.20297029702970298,0.0,0.0,0.1417910447761194,0.6930835734870316
gmm,10,52,False,3770,7520,0.5013297872340425,0.9441379310344827,0.0,0.3793490460157127,0.5715323166303559,0.1782178217821782,0.0,0.0,0.29850746268656714,0.6210374639769453
gmm,4,85,False,3770,7520,0.5013297872340425,0.9020689655172414,0.0,0.38496071829405165,0.5773420479302832,0.16831683168316833,0.0,0.0,0.21641791044776118,0.6613832853025937
gmm,3,85,True,3768,7520,0.5010638297872341,0.9124137931034483,0.0,0.40235690235690236,0.5962236746550472,0.21782178217821782,0.16666666666666666,0.0,0.03731343283582089,0.6167146974063401
gmm,4,45,True,3768,7520,0.5010638297872341,0.7179310344827586,0.39176161262050835,0.41358024691358025,0.6085693536673928,0.297029702970297,0.25,0.0,0.014925373134328358,0.4610951008645533
gmm,4,78,False,3767,7520,0.5009308510638298,0.9020689655172414,0.0,0.4102132435465769,0.5424836601307189,0.16831683168316833,0.0,0.0,0.21641791044776118,0.6613832853025937
gmm,3,100,False,3767,7520,0.5009308510638298,0.44620689655172413,0.7055214723926381,0.35129068462401797,0.5468409586056645,0.11386138613861387,0.0,0.0,0.22388059701492538,0.6361671469740634
gmm,3,92,False,3767,7520,0.5009308510638298,0.44620689655172413,0.7055214723926381,0.35129068462401797,0.5468409586056645,0.11386138613861387,0.0,0.0,0.22388059701492538,0.6361671469740634
gmm,5,92,False,3766,7520,0.5007978723404255,0.8993103448275862,0.0017528483786152498,0.43097643097643096,0.5068990559186638,0.18811881188118812,0.0,0.0,0.21641791044776118,0.6678674351585014
gmm,4,85,True,3763,7520,0.5003989361702128,0.7275862068965517,0.3549517966695881,0.4225589225589226,0.5548293391430646,0.3613861386138614,0.08333333333333333,0.0,0.03731343283582089,0.5093659942363112
gmm,20,67,False,3762,7520,0.5002659574468085,0.7620689655172413,0.026292725679228746,0.42312008978675647,0.6194625998547567,0.19306930693069307,0.0,0.0,0.1417910447761194,0.6930835734870316
gmm,3,72,True,3762,7520,0.5002659574468085,0.9124137931034483,0.0,0.3984287317620651,0.5918663761801016,0.25742574257425743,0.08333333333333333,0.0,0.03731343283582089,0.6167146974063401
gmm,5,52,True,3762,7520,0.5002659574468085,0.8889655172413793,0.0,0.4287317620650954,0.5969498910675382,0.2376237623762376,0.08333333333333333,0.0,0.3805970149253731,0.5670028818443804
gmm,20,61,False,3761,7520,0.5001329787234042,0.7620689655172413,0.026292725679228746,0.42312008978675647,0.6310820624546115,0.10891089108910891,0.0,0.0,0.1417910447761194,0.6930835734870316
gmm,20,57,False,3761,7520,0.5001329787234042,0.7620689655172413,0.026292725679228746,0.42312008978675647,0.6310820624546115,0.10891089108910891,0.0,0.0,0.1417910447761194,0.6930835734870316
gmm,5,85,False,3761,7520,0.5001329787234042,0.8993103448275862,0.0017528483786152498,0.42480359147025815,0.5105301379811183,0.19306930693069307,0.0,0.0,0.21641791044776118,0.6678674351585014
gmm,3,85,False,3760,7520,0.5,0.44620689655172413,0.7055214723926381,0.36307519640852975,0.5265068990559186,0.11386138613861387,0.0,0.0,0.22388059701492538,0.6361671469740634
gmm,10,48,False,3759,7520,0.49986702127659577,0.9441379310344827,0.0,0.38215488215488214,0.5599128540305011,0.1782178217821782,0.0,0.0,0.29850746268656714,0.6210374639769453
gmm,4,72,False,3759,7520,0.49986702127659577,0.9020689655172414,0.0,0.4405162738496072,0.5068990559186638,0.18811881188118812,0.0,0.0,0.21641791044776118,0.649135446685879
gmm,4,67,False,3756,7520,0.49946808510638296,0.9020689655172414,0.0,0.4511784511784512,0.49092229484386346,0.18811881188118812,0.0,0.0,0.21641791044776118,0.649135446685879
gmm,5,48,True,3755,7520,0.49933510638297873,0.8889655172413793,0.0,0.42368125701459036,0.6005809731299927,0.22277227722772278,0.08333333333333333,0.0,0.3805970149253731,0.5670028818443804
gmm,4,61,False,3753,7520,0.4990691489361702,0.9020689655172414,0.0,0.4393939393939394,0.5039941902687001,0.18811881188118812,0.0,0.0,0.21641791044776118,0.649135446685879
gmm,10,45,False,3753,7520,0.4990691489361702,0.9441379310344827,0.0,0.372615039281706,0.5628177196804648,0.21287128712871287,0.0,0.0,0.29850746268656714,0.6210374639769453
gmm,4,57,False,3751,7520,0.4988031914893617,0.9020689655172414,0.0,0.43265993265993263,0.5039941902687001,0.18811881188118812,0.0,0.0,0.21641791044776118,0.6563400576368876
gmm,10,41,False,3751,7520,0.4988031914893617,0.9441379310344827,0.0,0.36307519640852975,0.5737109658678287,0.21287128712871287,0.0,0.0,0.29850746268656714,0.6210374639769453
gmm,10,38,False,3751,7520,0.4988031914893617,0.9441379310344827,0.0,0.36307519640852975,0.5737109658678287,0.21287128712871287,0.0,0.0,0.29850746268656714,0.6210374639769453
gmm,20,52,False,3750,7520,0.49867021276595747,0.7620689655172413,0.025416301489921123,0.41245791245791247,0.6376180101670298,0.10891089108910891,0.0,0.0,0.1417910447761194,0.6930835734870316
gmm,3,78,True,3750,7520,0.49867021276595747,0.9124137931034483,0.0,0.43490460157126826,0.5395787944807553,0.23267326732673269,0.08333333333333333,0.0,0.03731343283582089,0.6167146974063401
gmm,5,78,False,3746,7520,0.49813829787234043,0.8993103448275862,0.0017528483786152498,0.3945005611672278,0.5344952795933188,0.19306930693069307,0.0,0.0,0.26119402985074625,0.6678674351585014
gmm,4,52,False,3745,7520,0.49800531914893614,0.9255172413793104,0.0,0.4186307519640853,0.5192447349310094,0.18811881188118812,0.0,0.0,0.21641791044776118,0.6304034582132565
gmm,5,72,False,3744,7520,0.4978723404255319,0.8993103448275862,0.0017528483786152498,0.40235690235690236,0.5344952795933188,0.19306930693069307,0.0,0.0,0.26119402985074625,0.6563400576368876
gmm,10,35,False,3743,7520,0.4977393617021277,0.9441379310344827,0.0,0.36307519640852975,0.560639070442992,0.2623762376237624,0.0,0.0,0.29850746268656714,0.6210374639769453
gmm,3,72,False,3742,7520,0.4976063829787234,0.44620689655172413,0.7055214723926381,0.36251402918069586,0.5127087872185911,0.12376237623762376,0.0,0.0,0.22388059701492538,0.6361671469740634
gmm,3,78,False,3742,7520,0.4976063829787234,0.44620689655172413,0.7055214723926381,0.36419753086419754,0.5105301379811183,0.12376237623762376,0.0,0.0,0.22388059701492538,0.6361671469740634
gmm,20,92,True,3740,7520,0.4973404255319149,0.5082758620689655,0.5451358457493427,0.3484848484848485,0.47276688453159044,0.32673267326732675,0.25,0.0,0.04477611940298507,0.7449567723342939
gmm,5,67,False,3740,7520,0.4973404255319149,0.8993103448275862,0.0,0.40291806958473625,0.5323166303558461,0.19306930693069307,0.0,0.0,0.26119402985074625,0.6563400576368876
gmm,3,67,False,3740,7520,0.4973404255319149,0.44620689655172413,0.7055214723926381,0.3602693602693603,0.514161220043573,0.12376237623762376,0.0,0.0,0.22388059701492538,0.6361671469740634
gmm,4,48,False,3737,7520,0.4969414893617021,0.926896551724138,0.0,0.4090909090909091,0.5315904139433552,0.15346534653465346,0.0,0.0,0.21641791044776118,0.6282420749279539
gmm,3,61,False,3736,7520,0.4968085106382979,0.44620689655172413,0.7046450482033304,0.35802469135802467,0.514161220043573,0.12376237623762376,0.0,0.0,0.23134328358208955,0.6361671469740634
gmm,20,48,False,3733,7520,0.4964095744680851,0.7648275862068965,0.025416301489921123,0.4057239057239057,0.6281771968046478,0.10891089108910891,0.0,0.0,0.17164179104477612,0.6930835734870316
gmm,5,61,False,3732,7520,0.49627659574468086,0.8993103448275862,0.0,0.38103254769921435,0.5548293391430646,0.19306930693069307,0.0,0.0,0.26119402985074625,0.6563400576368876
gmm,5,57,False,3731,7520,0.4961436170212766,0.8993103448275862,0.0,0.37485970819304154,0.5620915032679739,0.19306930693069307,0.0,0.0,0.26119402985074625,0.6563400576368876
gmm,4,100,True,3728,7520,0.4957446808510638,0.7282758620689656,0.4609991235758107,0.4107744107744108,0.55119825708061,0.3613861386138614,0.08333333333333333,0.0,0.04477611940298507,0.4142651296829971
gmm,10,57,True,3727,7520,0.4956117021276596,0.5248275862068965,0.3987730061349693,0.5482603815937149,0.46405228758169936,0.29207920792079206,0.25,0.0,0.04477611940298507,0.595821325648415
gmm,2,27,False,3725,7520,0.4953457446808511,0.8786206896551724,0.0,0.43041526374859707,0.6005809731299927,0.0,0.0,0.0,0.3358208955223881,0.5850144092219021
gmm,3,57,False,3725,7520,0.4953457446808511,0.44620689655172413,0.7046450482033304,0.3574635241301908,0.5192447349310094,0.12376237623762376,0.0,0.0,0.23134328358208955,0.6239193083573487
gmm,3,45,False,3723,7520,0.49507978723404256,0.44689655172413795,0.7028921998247152,0.3574635241301908,0.5206971677559913,0.10891089108910891,0.0,0.0,0.23134328358208955,0.6239193083573487
gmm,3,48,False,3723,7520,0.49507978723404256,0.44689655172413795,0.7028921998247152,0.3574635241301908,0.5206971677559913,0.10891089108910891,0.0,0.0,0.23134328358208955,0.6239193083573487
gmm,3,52,False,3723,7520,0.49507978723404256,0.44689655172413795,0.7028921998247152,0.3574635241301908,0.5206971677559913,0.10891089108910891,0.0,0.0,0.23134328358208955,0.6239193083573487
gmm,3,61,True,3722,7520,0.4949468085106383,0.7358620689655172,0.0,0.5695847362514029,0.5824255628177197,0.21287128712871287,0.08333333333333333,0.0,0.03731343283582089,0.5684438040345822
gmm,10,32,False,3720,7520,0.4946808510638298,0.9455172413793104,0.0,0.3658810325476992,0.560639070442992,0.2623762376237624,0.0,0.0,0.29850746268656714,0.5994236311239193
gmm,5,45,True,3720,7520,0.4946808510638298,0.8889655172413793,0.0,0.5437710437710438,0.4233841684822077,0.2524752475247525,0.08333333333333333,0.0,0.29850746268656714,0.5670028818443804
gmm,5,52,False,3719,7520,0.4945478723404255,0.8993103448275862,0.0,0.35409652076318743,0.5766158315177923,0.19306930693069307,0.0,0.0,0.29850746268656714,0.6563400576368876
gmm,5,48,False,3719,7520,0.4945478723404255,0.8993103448275862,0.0,0.35409652076318743,0.5766158315177923,0.19306930693069307,0.0,0.0,0.29850746268656714,0.6563400576368876
gmm,3,57,True,3719,7520,0.4945478723404255,0.7358620689655172,0.0,0.5510662177328844,0.6056644880174292,0.2079207920792079,0.16666666666666666,0.0,0.022388059701492536,0.5684438040345822
gmm,10,52,True,3718,7520,0.4944148936170213,0.7965517241379311,0.0,0.4607182940516274,0.6252723311546841,0.21782178217821782,0.25,0.0,0.05223880597014925,0.595821325648415
gmm,4,92,True,3718,7520,0.4944148936170213,0.7282758620689656,0.3558282208588957,0.4730639730639731,0.5533769063180828,0.3465346534653465,0.16666666666666666,0.0,0.04477611940298507,0.4128242074927954
gmm,3,52,True,3716,7520,0.49414893617021277,0.7358620689655172,0.0,0.5499438832772167,0.6071169208424111,0.19801980198019803,0.08333333333333333,0.0,0.022388059701492536,0.5684438040345822
gmm,3,41,False,3716,7520,0.49414893617021277,0.44689655172413795,0.7028921998247152,0.4118967452300786,0.44517066085693535,0.10891089108910891,0.0,0.0,0.23134328358208955,0.6239193083573487
gmm,5,45,False,3715,7520,0.4940159574468085,0.8993103448275862,0.0,0.345679012345679,0.5846042120551924,0.19306930693069307,0.0,0.0,0.29850746268656714,0.6563400576368876
gmm,20,78,True,3715,7520,0.4940159574468085,0.5082758620689655,0.544259421560035,0.41358024691358025,0.45751633986928103,0.22772277227722773,0.08333333333333333,0.0,0.04477611940298507,0.6750720461095101
gmm,2,25,False,3713,7520,0.49375,0.8786206896551724,0.0,0.4180695847362514,0.6005809731299927,0.0,0.0,0.0,0.3358208955223881,0.5922190201729106
gmm,2,23,False,3713,7520,0.49375,0.8786206896551724,0.0,0.4180695847362514,0.6005809731299927,0.0,0.0,0.0,0.3358208955223881,0.5922190201729106
gmm,2,21,False,3713,7520,0.49375,0.8786206896551724,0.0,0.4180695847362514,0.6005809731299927,0.0,0.0,0.0,0.3358208955223881,0.5922190201729106
gmm,2,20,False,3711,7520,0.4934840425531915,0.8786206896551724,0.0,0.4388327721661055,0.5722585330428468,0.0,0.0,0.0,0.3358208955223881,0.5922190201729106
gmm,2,18,False,3711,7520,0.4934840425531915,0.8786206896551724,0.0,0.42424242424242425,0.5722585330428468,0.0,0.0,0.0,0.3358208955223881,0.6109510086455331
gmm,2,17,False,3711,7520,0.4934840425531915,0.8786206896551724,0.0,0.42424242424242425,0.5722585330428468,0.0,0.0,0.0,0.3358208955223881,0.6109510086455331
gmm,10,48,True,3710,7520,0.4933510638297872,0.7965517241379311,0.0,0.45286195286195285,0.625998547567175,0.28217821782178215,0.08333333333333333,0.0,0.007462686567164179,0.595821325648415
gmm,3,38,False,3708,7520,0.4930851063829787,0.44689655172413795,0.7028921998247152,0.4118967452300786,0.44517066085693535,0.10891089108910891,0.0,0.0,0.12686567164179105,0.6282420749279539
gmm,10,30,False,3707,7520,0.49295212765957447,0.9455172413793104,0.0,0.3327721661054994,0.5940450254175744,0.2623762376237624,0.0,0.0,0.29850746268656714,0.5994236311239193
gmm,20,85,True,3707,7520,0.49295212765957447,0.5082758620689655,0.523225241016652,0.41358024691358025,0.4560639070442992,0.30198019801980197,0.08333333333333333,0.0,0.04477611940298507,0.6772334293948127
gmm,20,72,True,3704,7520,0.4925531914893617,0.5082758620689655,0.523225241016652,0.36924803591470257,0.44371822803195354,0.3217821782178218,0.08333333333333333,0.0,0.04477611940298507,0.7413544668587896
gmm,5,38,True,3699,7520,0.49188829787234045,0.8896551724137931,0.0,0.5813692480359147,0.4001452432824982,0.15346534653465346,0.08333333333333333,0.0,0.007462686567164179,0.5684438040345822
gmm,5,35,True,3698,7520,0.49175531914893617,0.8889655172413793,0.0,0.5695847362514029,0.4168482207697894,0.1485148514851485,0.08333333333333333,0.0,0.014925373134328358,0.5670028818443804
gmm,5,41,False,3696,7520,0.49148936170212765,0.8993103448275862,0.0,0.3468013468013468,0.5751633986928104,0.15346534653465346,0.0,0.0,0.29850746268656714,0.6563400576368876
gmm,5,38,False,3696,7520,0.49148936170212765,0.8993103448275862,0.0,0.3468013468013468,0.5751633986928104,0.15346534653465346,0.0,0.0,0.29850746268656714,0.6563400576368876
gmm,5,35,False,3696,7520,0.49148936170212765,0.8993103448275862,0.0,0.3468013468013468,0.5751633986928104,0.15346534653465346,0.0,0.0,0.29850746268656714,0.6563400576368876
gmm,3,30,False,3695,7520,0.4913563829787234,0.44689655172413795,0.7028921998247152,0.37373737373737376,0.4851125635439361,0.10891089108910891,0.0,0.0,0.12686567164179105,0.6282420749279539
gmm,3,27,False,3695,7520,0.4913563829787234,0.44689655172413795,0.7028921998247152,0.37373737373737376,0.4851125635439361,0.10891089108910891,0.0,0.0,0.12686567164179105,0.6282420749279539
gmm,3,35,False,3695,7520,0.4913563829787234,0.44689655172413795,0.7028921998247152,0.37373737373737376,0.4851125635439361,0.10891089108910891,0.0,0.0,0.12686567164179105,0.6282420749279539
gmm,10,35,True,3695,7520,0.4913563829787234,0.5262068965517241,0.3978965819456617,0.5364758698092031,0.4698620188816267,0.21782178217821782,0.08333333333333333,0.0,0.022388059701492536,0.595821325648415
gmm,3,32,False,3695,7520,0.4913563829787234,0.44689655172413795,0.7028921998247152,0.37373737373737376,0.4851125635439361,0.10891089108910891,0.0,0.0,0.12686567164179105,0.6282420749279539
gmm,2,14,False,3694,7520,0.49122340425531913,0.8786206896551724,0.0,0.42424242424242425,0.5722585330428468,0.0,0.0,0.0,0.0,0.6311239193083573
gmm,2,15,False,3694,7520,0.49122340425531913,0.8786206896551724,0.0,0.42424242424242425,0.5722585330428468,0.0,0.0,0.0,0.0,0.6311239193083573
gmm,2,13,False,3694,7520,0.49122340425531913,0.8786206896551724,0.0,0.42424242424242425,0.5722585330428468,0.0,0.0,0.0,0.0,0.6311239193083573
gmm,5,41,True,3692,7520,0.4909574468085106,0.8889655172413793,0.0,0.5589225589225589,0.42483660130718953,0.16831683168316833,0.08333333333333333,0.0,0.0,0.5670028818443804
gmm,3,32,True,3689,7520,0.49055851063829786,0.7317241379310345,0.0,0.5488215488215489,0.6071169208424111,0.10891089108910891,0.0,0.0,0.022388059701492536,0.5684438040345822
gmm,2,32,True,3689,7520,0.49055851063829786,0.8096551724137931,0.3444347063978966,0.33221099887766553,0.5947712418300654,0.25742574257425743,0.0,0.0,0.014925373134328358,0.473342939481268
gmm,20,67,True,3686,7520,0.4901595744680851,0.5082758620689655,0.5495179666958808,0.3148148148148148,0.48366013071895425,0.28217821782178215,0.08333333333333333,0.0,0.04477611940298507,0.7427953890489913
gmm,10,27,True,3684,7520,0.4898936170212766,0.5262068965517241,0.3978965819456617,0.5241301907968574,0.4865649963689179,0.15841584158415842,0.08333333333333333,0.0,0.022388059701492536,0.595821325648415
gmm,10,27,False,3679,7520,0.48922872340425533,0.9468965517241379,0.0,0.3114478114478115,0.5998547567175018,0.2623762376237624,0.0,0.0,0.29850746268656714,0.5994236311239193
gmm,10,25,False,3678,7520,0.48909574468085104,0.9468965517241379,0.0,0.3114478114478115,0.616557734204793,0.14356435643564355,0.0,0.0,0.29850746268656714,0.5994236311239193
gmm,2,12,False,3674,7520,0.48856382978723406,0.8786206896551724,0.0,0.45847362514029183,0.5134350036310821,0.0,0.0,0.0,0.0,0.6311239193083573
gmm,2,30,True,3672,7520,0.48829787234042554,0.8096551724137931,0.0,0.547699214365881,0.5947712418300654,0.21287128712871287,0.0,0.0,0.022388059701492536,0.473342939481268
gmm,2,27,True,3670,7520,0.488031914893617,0.8096551724137931,0.0,0.5415263748597082,0.5925925925925926,0.30198019801980197,0.0,0.0,0.0,0.4711815561959654
gmm,2,25,True,3670,7520,0.488031914893617,0.8096551724137931,0.0,0.5415263748597082,0.5933188090050835,0.30198019801980197,0.0,0.0,0.0,0.47046109510086453
gmm,2,23,True,3669,7520,0.4878989361702128,0.8096551724137931,0.0,0.5409652076318743,0.5933188090050835,0.30198019801980197,0.0,0.0,0.0,0.47046109510086453
gmm,2,8,False,3667,7520,0.4876329787234043,0.8786206896551724,0.0,0.3872053872053872,0.6005809731299927,0.0,0.0,0.0,0.0,0.6311239193083573
gmm,2,9,False,3667,7520,0.4876329787234043,0.8786206896551724,0.0,0.3872053872053872,0.6005809731299927,0.0,0.0,0.0,0.0,0.6311239193083573
gmm,2,10,False,3667,7520,0.4876329787234043,0.8786206896551724,0.0,0.3872053872053872,0.6005809731299927,0.0,0.0,0.0,0.0,0.6311239193083573
gmm,2,11,False,3667,7520,0.4876329787234043,0.8786206896551724,0.0,0.3872053872053872,0.6005809731299927,0.0,0.0,0.0,0.0,0.6311239193083573
gmm,3,23,True,3665,7520,0.48736702127659576,0.7324137931034482,0.0,0.643658810325477,0.46768336964415397,0.09405940594059406,0.0,0.0,0.0,0.5713256484149856
gmm,5,32,False,3663,7520,0.48710106382978724,0.8993103448275862,0.0,0.30359147025813693,0.5751633986928104,0.15346534653465346,0.0,0.0,0.29850746268656714,0.6880403458213257
gmm,10,41,True,3663,7520,0.48710106382978724,0.7965517241379311,0.0,0.5454545454545454,0.47058823529411764,0.2623762376237624,0.08333333333333333,0.0,0.022388059701492536,0.5987031700288185
gmm,5,27,True,3662,7520,0.48696808510638295,0.7048275862068966,0.5696757230499562,0.32940516273849607,0.40232389251997097,0.12376237623762376,0.0,0.0,0.0,0.5936599423631124
gmm,10,45,True,3660,7520,0.4867021276595745,0.7965517241379311,0.0,0.5392817059483727,0.47785039941902685,0.27722772277227725,0.08333333333333333,0.0,0.014925373134328358,0.595821325648415
gmm,5,25,True,3652,7520,0.4856382978723404,0.7027586206896552,0.5696757230499562,0.2665544332210999,0.4756717501815541,0.15346534653465346,0.0,0.0,0.0,0.5922190201729106
gmm,10,23,False,3650,7520,0.4853723404255319,0.9468965517241379,0.0,0.3277216610549944,0.6042120551924474,0.14356435643564355,0.0,0.0,0.0,0.5994236311239193
gmm,10,38,True,3642,7520,0.4843085106382979,0.7965517241379311,0.0,0.5398428731762065,0.46405228758169936,0.2722772277227723,0.08333333333333333,0.0,0.022388059701492536,0.595821325648415
gmm,5,21,True,3640,7520,0.48404255319148937,0.7027586206896552,0.5696757230499562,0.2755331088664422,0.48002904865649965,0.13366336633663367,0.0,0.0,0.0,0.5706051873198847
gmm,5,23,True,3639,7520,0.4839095744680851,0.7027586206896552,0.5696757230499562,0.25813692480359146,0.4756717501815541,0.15346534653465346,0.0,0.0,0.0,0.5936599423631124
gmm,4,21,True,3638,7520,0.48377659574468085,0.7089655172413794,0.5652936021034181,0.2878787878787879,0.4277414669571532,0.2722772277227723,0.0,0.0,0.0,0.5821325648414986
gmm,5,30,False,3638,7520,0.48377659574468085,0.9413793103448276,0.0,0.33108866442199775,0.5221496005809731,0.15346534653465346,0.0,0.0,0.29850746268656714,0.6433717579250721
gmm,4,23,True,3638,7520,0.48377659574468085,0.7089655172413794,0.5652936021034181,0.2867564534231201,0.4277414669571532,0.28217821782178215,0.0,0.0,0.0,0.5821325648414986
gmm,5,25,False,3638,7520,0.48377659574468085,0.9413793103448276,0.0,0.33108866442199775,0.5221496005809731,0.15346534653465346,0.0,0.0,0.29850746268656714,0.6433717579250721
gmm,5,27,False,3638,7520,0.48377659574468085,0.9413793103448276,0.0,0.33108866442199775,0.5221496005809731,0.15346534653465346,0.0,0.0,0.29850746268656714,0.6433717579250721
gmm,5,21,False,3637,7520,0.4836436170212766,0.9413793103448276,0.0,0.3439955106621773,0.504720406681191,0.15346534653465346,0.0,0.0,0.29850746268656714,0.6433717579250721
gmm,5,23,False,3637,7520,0.4836436170212766,0.9413793103448276,0.0,0.3439955106621773,0.504720406681191,0.15346534653465346,0.0,0.0,0.29850746268656714,0.6433717579250721
gmm,5,20,True,3636,7520,0.48351063829787233,0.7027586206896552,0.5696757230499562,0.2620650953984287,0.4887436456063907,0.17326732673267325,0.0,0.0,0.0,0.5706051873198847
gmm,20,45,False,3631,7520,0.48284574468085106,0.9503448275862069,0.025416301489921123,0.39281705948372614,0.6405228758169934,0.10891089108910891,0.0,0.0,0.17164179104477612,0.43011527377521613
gmm,5,20,False,3629,7520,0.48257978723404255,0.9413793103448276,0.0,0.2760942760942761,0.5867828612926652,0.15346534653465346,0.0,0.0,0.29850746268656714,0.6433717579250721
gmm,5,17,False,3627,7520,0.482313829787234,0.9413793103448276,0.0,0.26879910213243546,0.5867828612926652,0.15346534653465346,0.0,0.0,0.3805970149253731,0.6433717579250721
gmm,5,18,True,3627,7520,0.482313829787234,0.7027586206896552,0.5696757230499562,0.2620650953984287,0.48729121278140886,0.13861386138613863,0.0,0.0,0.0,0.5706051873198847
gmm,5,18,False,3627,7520,0.482313829787234,0.9413793103448276,0.0,0.26879910213243546,0.5867828612926652,0.15346534653465346,0.0,0.0,0.3805970149253731,0.6433717579250721
gmm,5,17,True,3625,7520,0.4820478723404255,0.7027586206896552,0.5696757230499562,0.2620650953984287,0.4865649963689179,0.13366336633663367,0.0,0.0,0.0,0.5706051873198847
gmm,3,25,False,3617,7520,0.4809840425531915,0.9489655172413793,0.0,0.3653198653198653,0.5025417574437182,0.10891089108910891,0.0,0.0,0.029850746268656716,0.6282420749279539
gmm,4,67,True,3615,7520,0.480718085106383,0.9055172413793103,0.0008764241893076249,0.44556677890011226,0.5737109658678287,0.3564356435643564,0.25,0.0,0.014925373134328358,0.4610951008645533
gmm,10,21,False,3615,7520,0.480718085106383,0.9468965517241379,0.0,0.26936026936026936,0.654320987654321,0.14356435643564355,0.0,0.0,0.0,0.5994236311239193
gmm,10,20,False,3615,7520,0.480718085106383,0.9468965517241379,0.0,0.26936026936026936,0.654320987654321,0.14356435643564355,0.0,0.0,0.0,0.5994236311239193
gmm,4,61,True,3609,7520,0.4799202127659574,0.9055172413793103,0.0,0.44332210998877664,0.5780682643427741,0.3217821782178218,0.25,0.0,0.014925373134328358,0.4610951008645533
gmm,4,57,True,3605,7520,0.47938829787234044,0.9055172413793103,0.0008764241893076249,0.44332210998877664,0.5722585330428468,0.297029702970297,0.25,0.0,0.014925373134328358,0.4668587896253602
gmm,20,41,False,3602,7520,0.47898936170212764,0.9537931034482758,0.007011393514460999,0.3939393939393939,0.6296296296296297,0.10891089108910891,0.0,0.0,0.17164179104477612,0.43011527377521613
gmm,4,48,True,3599,7520,0.4785904255319149,0.9082758620689655,0.0,0.41414141414141414,0.6100217864923747,0.297029702970297,0.25,0.0,0.007462686567164179,0.4610951008645533
gmm,10,18,False,3597,7520,0.47832446808510637,0.9468965517241379,0.0,0.287317620650954,0.6180101670297748,0.14356435643564355,0.0,0.0,0.0,0.5994236311239193
gmm,4,52,True,3597,7520,0.47832446808510637,0.9055172413793103,0.0,0.44276094276094274,0.5744371822803195,0.28217821782178215,0.4166666666666667,0.0,0.014925373134328358,0.4610951008645533
gmm,10,17,False,3596,7520,0.47819148936170214,0.9468965517241379,0.0,0.287317620650954,0.6383442265795207,0.0,0.0,0.0,0.0,0.5994236311239193
gmm,2,38,True,3595,7520,0.47805851063829785,0.9475862068965517,0.0,0.2991021324354658,0.6056644880174292,0.25742574257425743,0.0,0.0,0.014925373134328358,0.5763688760806917
gmm,2,35,True,3587,7520,0.47699468085106383,0.9475862068965517,0.0,0.30976430976430974,0.5860566448801743,0.25742574257425743,0.0,0.0,0.014925373134328358,0.5763688760806917
gmm,20,38,False,3586,7520,0.47686170212765955,0.9537931034482758,0.007011393514460999,0.3939393939393939,0.6230936819172114,0.07425742574257425,0.0,0.0,0.17164179104477612,0.43011527377521613
gmm,20,52,True,3580,7520,0.47606382978723405,0.5082758620689655,0.39526730937773885,0.2676767676767677,0.5766158315177923,0.35148514851485146,0.08333333333333333,0.0,0.014925373134328358,0.7543227665706052
gmm,4,78,True,3565,7520,0.4740691489361702,0.7275862068965517,0.551270815074496,0.19248035914702583,0.5519244734931009,0.31683168316831684,0.16666666666666666,0.0,0.03731343283582089,0.5093659942363112
gmm,20,57,True,3561,7520,0.4735372340425532,0.8779310344827587,0.15074496056091147,0.3602693602693603,0.43500363108206247,0.32673267326732675,0.08333333333333333,0.0,0.022388059701492536,0.579971181556196
gmm,20,61,True,3560,7520,0.4734042553191489,0.5082758620689655,0.621384750219106,0.36980920314253646,0.42701525054466233,0.2722772277227723,0.08333333333333333,0.0,0.04477611940298507,0.579971181556196
gmm,20,35,False,3556,7520,0.4728723404255319,0.9537931034482758,0.007011393514460999,0.409652076318743,0.5809731299927379,0.07425742574257425,0.0,0.0,0.17164179104477612,0.43011527377521613
gmm,20,32,False,3549,7520,0.4719414893617021,0.9544827586206897,0.007011393514460999,0.4051627384960718,0.5809731299927379,0.07425742574257425,0.0,0.0,0.17164179104477612,0.43011527377521613
gmm,4,41,True,3541,7520,0.4708776595744681,0.7179310344827586,0.5652936021034181,0.17845117845117844,0.6078431372549019,0.28217821782178215,0.25,0.0,0.0,0.4610951008645533
gmm,4,38,True,3540,7520,0.47074468085106386,0.7179310344827586,0.5652936021034181,0.17789001122334455,0.6056644880174292,0.297029702970297,0.08333333333333333,0.0,0.014925373134328358,0.4610951008645533
gmm,20,30,False,3538,7520,0.47047872340425534,0.9551724137931035,0.0,0.3838383838383838,0.5809731299927379,0.07425742574257425,0.0,0.0,0.17164179104477612,0.4546109510086455
gmm,20,48,True,3538,7520,0.47047872340425534,0.5082758620689655,0.2252410166520596,0.3569023569023569,0.5802469135802469,0.29207920792079206,0.08333333333333333,0.0,0.014925373134328358,0.7543227665706052
gmm,4,35,True,3538,7520,0.47047872340425534,0.7179310344827586,0.5652936021034181,0.18013468013468015,0.6034858387799564,0.2871287128712871,0.08333333333333333,0.0,0.007462686567164179,0.4610951008645533
gmm,4,32,True,3516,7520,0.4675531914893617,0.7179310344827586,0.5652936021034181,0.16891133557800225,0.6020334059549746,0.29207920792079206,0.08333333333333333,0.0,0.0,0.4610951008645533
gmm,4,30,True,3515,7520,0.46742021276595747,0.7179310344827586,0.5652936021034181,0.16891133557800225,0.6034858387799564,0.28217821782178215,0.0,0.0,0.0,0.4610951008645533
gmm,4,45,False,3512,7520,0.46702127659574466,0.9641379310344828,0.0,0.2738496071829405,0.5039941902687001,0.15346534653465346,0.0,0.0,0.21641791044776118,0.6282420749279539
gmm,4,38,False,3511,7520,0.46688829787234043,0.9641379310344828,0.0,0.2738496071829405,0.5083514887436456,0.1188118811881188,0.0,0.0,0.21641791044776118,0.6282420749279539
gmm,4,41,False,3511,7520,0.46688829787234043,0.9641379310344828,0.0,0.2738496071829405,0.5083514887436456,0.1188118811881188,0.0,0.0,0.21641791044776118,0.6282420749279539
gmm,4,27,True,3510,7520,0.46675531914893614,0.7179310344827586,0.5652936021034181,0.16891133557800225,0.5998547567175018,0.28217821782178215,0.0,0.0,0.0,0.4610951008645533
gmm,20,27,False,3505,7520,0.4660904255319149,0.9551724137931035,0.0,0.34287317620650953,0.6100217864923747,0.07425742574257425,0.0,0.0,0.17164179104477612,0.4546109510086455
gmm,5,15,False,3505,7520,0.4660904255319149,0.9593103448275863,0.0,0.18574635241301907,0.5867828612926652,0.15346534653465346,0.0,0.0,0.3805970149253731,0.6433717579250721
gmm,5,14,False,3505,7520,0.4660904255319149,0.9593103448275863,0.0,0.18574635241301907,0.5867828612926652,0.15346534653465346,0.0,0.0,0.3805970149253731,0.6433717579250721
gmm,4,35,False,3502,7520,0.4656914893617021,0.9641379310344828,0.0,0.27497194163860833,0.5076252723311547,0.06930693069306931,0.0,0.0,0.21641791044776118,0.6282420749279539
gmm,5,13,False,3493,7520,0.4644946808510638,0.9593103448275863,0.0,0.18574635241301907,0.5649963689179376,0.24257425742574257,0.0,0.0,0.3805970149253731,0.6433717579250721
gmm,5,12,False,3493,7520,0.4644946808510638,0.9593103448275863,0.0,0.18574635241301907,0.5649963689179376,0.24257425742574257,0.0,0.0,0.3805970149253731,0.6433717579250721
gmm,20,25,False,3492,7520,0.4643617021276596,0.956551724137931,0.0,0.3344556677890011,0.6100217864923747,0.07425742574257425,0.0,0.0,0.17164179104477612,0.4546109510086455
gmm,4,30,False,3487,7520,0.4636968085106383,0.9641379310344828,0.0,0.22671156004489337,0.5591866376180101,0.06930693069306931,0.0,0.0,0.21641791044776118,0.6282420749279539
gmm,4,27,False,3487,7520,0.4636968085106383,0.9641379310344828,0.0,0.22671156004489337,0.5591866376180101,0.06930693069306931,0.0,0.0,0.21641791044776118,0.6282420749279539
gmm,4,32,False,3487,7520,0.4636968085106383,0.9641379310344828,0.0,0.22671156004489337,0.5591866376180101,0.06930693069306931,0.0,0.0,0.21641791044776118,0.6282420749279539
gmm,4,25,False,3486,7520,0.46356382978723404,0.9641379310344828,0.0,0.22671156004489337,0.5497458242556281,0.12871287128712872,0.0,0.0,0.21641791044776118,0.6282420749279539
gmm,20,23,False,3486,7520,0.46356382978723404,0.956551724137931,0.0,0.36251402918069586,0.5860566448801743,0.07425742574257425,0.0,0.0,0.0,0.4546109510086455
gmm,5,11,False,3484,7520,0.4632978723404255,0.9593103448275863,0.0,0.22334455667789002,0.5098039215686274,0.24257425742574257,0.0,0.0,0.3805970149253731,0.6433717579250721
gmm,20,45,True,3474,7520,0.461968085106383,0.5082758620689655,0.37510955302366344,0.16947250280583614,0.6688453159041394,0.17326732673267325,0.08333333333333333,0.0,0.022388059701492536,0.7543227665706052
gmm,4,23,False,3466,7520,0.4609042553191489,0.9641379310344828,0.0,0.19528619528619529,0.5758896151053013,0.12871287128712872,0.0,0.0,0.21641791044776118,0.6282420749279539
gmm,4,21,False,3466,7520,0.4609042553191489,0.9641379310344828,0.0,0.19528619528619529,0.5758896151053013,0.12871287128712872,0.0,0.0,0.21641791044776118,0.6282420749279539
gmm,4,20,False,3466,7520,0.4609042553191489,0.9641379310344828,0.0,0.19528619528619529,0.5758896151053013,0.12871287128712872,0.0,0.0,0.21641791044776118,0.6282420749279539
gmm,20,41,True,3464,7520,0.46063829787234045,0.5082758620689655,0.22787028921998248,0.26262626262626265,0.6397966594045026,0.3316831683168317,0.08333333333333333,0.0,0.014925373134328358,0.7550432276657061
gmm,4,25,True,3463,7520,0.46050531914893617,0.7179310344827586,0.5652936021034181,0.27104377104377103,0.42701525054466233,0.2722772277227723,0.0,0.0,0.0,0.46902017291066284
gmm,4,18,False,3443,7520,0.45784574468085104,0.9641379310344828,0.0,0.1335578002244669,0.6601307189542484,0.12871287128712872,0.0,0.0,0.0,0.6282420749279539
gmm,20,21,False,3442,7520,0.4577127659574468,0.9606896551724138,0.0,0.335016835016835,0.5962236746550472,0.0,0.0,0.0,0.0,0.4546109510086455
gmm,10,14,False,3441,7520,0.4575797872340426,0.9579310344827586,0.0,0.19135802469135801,0.6383442265795207,0.0,0.0,0.0,0.0,0.5994236311239193
gmm,10,11,False,3441,7520,0.4575797872340426,0.9579310344827586,0.0,0.19135802469135801,0.6383442265795207,0.0,0.0,0.0,0.0,0.5994236311239193
gmm,10,15,False,3441,7520,0.4575797872340426,0.9579310344827586,0.0,0.19135802469135801,0.6383442265795207,0.0,0.0,0.0,0.0,0.5994236311239193
gmm,10,13,False,3441,7520,0.4575797872340426,0.9579310344827586,0.0,0.19135802469135801,0.6383442265795207,0.0,0.0,0.0,0.0,0.5994236311239193
gmm,10,12,False,3441,7520,0.4575797872340426,0.9579310344827586,0.0,0.19135802469135801,0.6383442265795207,0.0,0.0,0.0,0.0,0.5994236311239193
gmm,3,23,False,3437,7520,0.45704787234042554,0.9648275862068966,0.0,0.25140291806958476,0.5025417574437182,0.10891089108910891,0.0,0.0,0.029850746268656716,0.6282420749279539
gmm,3,21,False,3435,7520,0.456781914893617,0.9648275862068966,0.0,0.25140291806958476,0.5039941902687001,0.10891089108910891,0.0,0.0,0.0,0.6282420749279539
gmm,3,20,False,3435,7520,0.456781914893617,0.9648275862068966,0.0,0.25140291806958476,0.5039941902687001,0.10891089108910891,0.0,0.0,0.0,0.6282420749279539
gmm,3,18,False,3429,7520,0.45598404255319147,0.9648275862068966,0.0,0.17845117845117844,0.5940450254175744,0.10891089108910891,0.0,0.0,0.0,0.6282420749279539
gmm,3,17,False,3422,7520,0.4550531914893617,0.9648275862068966,0.0,0.17845117845117844,0.6049382716049383,0.0,0.0,0.0,0.0,0.6282420749279539
gmm,10,10,False,3414,7520,0.45398936170212767,0.9579310344827586,0.0,0.14590347923681257,0.6383442265795207,0.0,0.0,0.0,0.0,0.638328530259366
gmm,10,9,False,3404,7520,0.4526595744680851,0.9579310344827586,0.0,0.17003367003367004,0.5998547567175018,0.0,0.0,0.0,0.0,0.638328530259366
gmm,10,8,False,3404,7520,0.4526595744680851,0.9579310344827586,0.0,0.17003367003367004,0.5998547567175018,0.0,0.0,0.0,0.0,0.638328530259366
gmm,10,7,False,3391,7520,0.4509308510638298,0.9579310344827586,0.0,0.10437710437710437,0.6753812636165577,0.0,0.0,0.0,0.0,0.638328530259366
gmm,10,6,False,3391,7520,0.4509308510638298,0.9579310344827586,0.0,0.10437710437710437,0.6753812636165577,0.0,0.0,0.0,0.0,0.638328530259366
gmm,3,15,False,3391,7520,0.4509308510638298,0.9648275862068966,0.0,0.1419753086419753,0.6049382716049383,0.0,0.0,0.0,0.0,0.6527377521613833
gmm,3,14,False,3391,7520,0.4509308510638298,0.9648275862068966,0.0,0.1419753086419753,0.6049382716049383,0.0,0.0,0.0,0.0,0.6527377521613833
gmm,3,13,False,3391,7520,0.4509308510638298,0.9648275862068966,0.0,0.1419753086419753,0.6049382716049383,0.0,0.0,0.0,0.0,0.6527377521613833
gmm,10,5,False,3391,7520,0.4509308510638298,0.9579310344827586,0.0,0.10437710437710437,0.6753812636165577,0.0,0.0,0.0,0.0,0.638328530259366
gmm,3,11,False,3389,7520,0.4506648936170213,0.9648275862068966,0.0,0.12457912457912458,0.625998547567175,0.0,0.0,0.0,0.0,0.6527377521613833
gmm,3,12,False,3389,7520,0.4506648936170213,0.9648275862068966,0.0,0.12457912457912458,0.625998547567175,0.0,0.0,0.0,0.0,0.6527377521613833
gmm,5,10,False,3372,7520,0.44840425531914896,0.9662068965517241,0.0,0.15488215488215487,0.5098039215686274,0.24257425742574257,0.0,0.0,0.3805970149253731,0.6433717579250721
gmm,3,48,True,3372,7520,0.44840425531914896,0.9572413793103448,0.0,0.1728395061728395,0.6107480029048656,0.2079207920792079,0.0,0.0,0.029850746268656716,0.5684438040345822
gmm,20,20,False,3371,7520,0.44827127659574467,0.9724137931034482,0.0,0.2856341189674523,0.5962236746550472,0.0,0.0,0.0,0.0,0.4546109510086455
gmm,20,14,False,3371,7520,0.44827127659574467,0.9724137931034482,0.0,0.25757575757575757,0.6325344952795933,0.0,0.0,0.0,0.0,0.4546109510086455
gmm,20,17,False,3371,7520,0.44827127659574467,0.9724137931034482,0.0,0.25757575757575757,0.6325344952795933,0.0,0.0,0.0,0.0,0.4546109510086455
gmm,20,18,False,3371,7520,0.44827127659574467,0.9724137931034482,0.0,0.2856341189674523,0.5962236746550472,0.0,0.0,0.0,0.0,0.4546109510086455
gmm,20,15,False,3371,7520,0.44827127659574467,0.9724137931034482,0.0,0.25757575757575757,0.6325344952795933,0.0,0.0,0.0,0.0,0.4546109510086455
gmm,20,11,False,3364,7520,0.4473404255319149,0.9724137931034482,0.0,0.19640852974186307,0.7066085693536674,0.0,0.0,0.0,0.0,0.4546109510086455
gmm,20,12,False,3364,7520,0.4473404255319149,0.9724137931034482,0.0,0.19640852974186307,0.7066085693536674,0.0,0.0,0.0,0.0,0.4546109510086455
gmm,20,13,False,3364,7520,0.4473404255319149,0.9724137931034482,0.0,0.19640852974186307,0.7066085693536674,0.0,0.0,0.0,0.0,0.4546109510086455
gmm,20,10,False,3364,7520,0.4473404255319149,0.9724137931034482,0.0,0.19640852974186307,0.7066085693536674,0.0,0.0,0.0,0.0,0.4546109510086455
gmm,20,9,False,3364,7520,0.4473404255319149,0.9724137931034482,0.0,0.19640852974186307,0.7066085693536674,0.0,0.0,0.0,0.0,0.4546109510086455
gmm,2,7,False,3362,7520,0.44707446808510637,0.976551724137931,0.0,0.13636363636363635,0.6005809731299927,0.0,0.0,0.0,0.0,0.6311239193083573
gmm,2,6,False,3362,7520,0.44707446808510637,0.976551724137931,0.0,0.13636363636363635,0.6005809731299927,0.0,0.0,0.0,0.0,0.6311239193083573
gmm,2,5,False,3362,7520,0.44707446808510637,0.976551724137931,0.0,0.13636363636363635,0.6005809731299927,0.0,0.0,0.0,0.0,0.6311239193083573
gmm,3,41,True,3362,7520,0.44707446808510637,0.9572413793103448,0.0017528483786152498,0.18742985409652077,0.5998547567175018,0.09900990099009901,0.0,0.0,0.022388059701492536,0.5684438040345822
gmm,3,38,True,3361,7520,0.44694148936170214,0.9572413793103448,0.0008764241893076249,0.186307519640853,0.5998547567175018,0.10891089108910891,0.0,0.0,0.022388059701492536,0.5684438040345822
gmm,3,45,True,3361,7520,0.44694148936170214,0.9572413793103448,0.0,0.17901234567901234,0.5918663761801016,0.22772277227722773,0.08333333333333333,0.0,0.022388059701492536,0.5684438040345822
gmm,5,9,False,3358,7520,0.4465425531914894,0.9662068965517241,0.0,0.17564534231200898,0.5098039215686274,0.24257425742574257,0.0,0.0,0.0,0.6433717579250721
gmm,3,10,False,3357,7520,0.4464095744680851,0.9648275862068966,0.0,0.07800224466891134,0.625998547567175,0.0,0.0,0.0,0.0,0.6894812680115274
gmm,3,9,False,3357,7520,0.4464095744680851,0.9648275862068966,0.0,0.07800224466891134,0.625998547567175,0.0,0.0,0.0,0.0,0.6894812680115274
gmm,5,8,False,3354,7520,0.44601063829787235,0.9662068965517241,0.0,0.17564534231200898,0.5424836601307189,0.0,0.0,0.0,0.0,0.6433717579250721
gmm,4,17,False,3346,7520,0.4449468085106383,0.9682758620689655,0.0,0.07575757575757576,0.6601307189542484,0.12871287128712872,0.0,0.0,0.0,0.6282420749279539
gmm,4,15,False,3337,7520,0.44375,0.9682758620689655,0.0,0.08866442199775533,0.6368917937545389,0.12871287128712872,0.0,0.0,0.0,0.6282420749279539
gmm,5,5,False,3336,7520,0.44361702127659575,0.9662068965517241,0.0,0.2962962962962963,0.3732752360203341,0.0,0.0,0.0,0.0,0.6433717579250721
gmm,5,6,False,3336,7520,0.44361702127659575,0.9662068965517241,0.0,0.2962962962962963,0.3732752360203341,0.0,0.0,0.0,0.0,0.6433717579250721
gmm,5,7,False,3336,7520,0.44361702127659575,0.9662068965517241,0.0,0.2962962962962963,0.3732752360203341,0.0,0.0,0.0,0.0,0.6433717579250721
gmm,3,35,True,3331,7520,0.4429521276595745,0.9586206896551724,0.0,0.16722783389450055,0.6034858387799564,0.09900990099009901,0.0,0.0,0.022388059701492536,0.5684438040345822
gmm,3,25,True,3318,7520,0.44122340425531914,0.9593103448275863,0.0,0.15432098765432098,0.6071169208424111,0.11386138613861387,0.0,0.0,0.0,0.5713256484149856
gmm,10,32,True,3301,7520,0.4389627659574468,0.5262068965517241,0.0,0.5252525252525253,0.49310094408133626,0.18316831683168316,0.08333333333333333,0.0,0.022388059701492536,0.6354466858789626
gmm,4,72,True,3297,7520,0.4384308510638298,0.9586206896551724,0.0017528483786152498,0.22053872053872053,0.5787944807552651,0.3316831683168317,0.25,0.0,0.03731343283582089,0.4610951008645533
gmm,4,14,False,3294,7520,0.43803191489361704,0.9682758620689655,0.0,0.04264870931537598,0.6368917937545389,0.12871287128712872,0.0,0.0,0.0,0.6563400576368876
gmm,4,13,False,3294,7520,0.43803191489361704,0.9682758620689655,0.0,0.04264870931537598,0.6368917937545389,0.12871287128712872,0.0,0.0,0.0,0.6563400576368876
gmm,4,12,False,3294,7520,0.43803191489361704,0.9682758620689655,0.0,0.04264870931537598,0.6368917937545389,0.12871287128712872,0.0,0.0,0.0,0.6563400576368876
gmm,4,10,False,3294,7520,0.43803191489361704,0.9682758620689655,0.0,0.04264870931537598,0.6368917937545389,0.12871287128712872,0.0,0.0,0.0,0.6563400576368876
gmm,4,11,False,3294,7520,0.43803191489361704,0.9682758620689655,0.0,0.04264870931537598,0.6368917937545389,0.12871287128712872,0.0,0.0,0.0,0.6563400576368876
gmm,10,30,True,3293,7520,0.43789893617021275,0.5262068965517241,0.0,0.5308641975308642,0.4785766158315178,0.19801980198019803,0.08333333333333333,0.0,0.014925373134328358,0.6354466858789626
gmm,4,6,False,3291,7520,0.43763297872340423,0.9682758620689655,0.0,0.04264870931537598,0.6535947712418301,0.0,0.0,0.0,0.0,0.6563400576368876
gmm,4,7,False,3291,7520,0.43763297872340423,0.9682758620689655,0.0,0.04264870931537598,0.6535947712418301,0.0,0.0,0.0,0.0,0.6563400576368876
gmm,4,8,False,3291,7520,0.43763297872340423,0.9682758620689655,0.0,0.04264870931537598,0.6535947712418301,0.0,0.0,0.0,0.0,0.6563400576368876
gmm,4,9,False,3291,7520,0.43763297872340423,0.9682758620689655,0.0,0.04264870931537598,0.6535947712418301,0.0,0.0,0.0,0.0,0.6563400576368876
gmm,10,25,True,3290,7520,0.4375,0.5262068965517241,0.0,0.5241301907968574,0.48148148148148145,0.22277227722772278,0.08333333333333333,0.0,0.014925373134328358,0.6354466858789626
gmm,4,5,False,3282,7520,0.436436170212766,0.9682758620689655,0.0,0.0,0.7022512708787219,0.0,0.0,0.0,0.0,0.6563400576368876
gmm,10,21,True,3281,7520,0.4363031914893617,0.5262068965517241,0.0,0.5241301907968574,0.4756717501815541,0.2079207920792079,0.08333333333333333,0.0,0.029850746268656716,0.6354466858789626
gmm,10,20,True,3278,7520,0.43590425531914895,0.5262068965517241,0.0,0.5258136924803591,0.47639796659404504,0.18316831683168316,0.08333333333333333,0.0,0.014925373134328358,0.6354466858789626
gmm,10,23,True,3277,7520,0.43577127659574466,0.5262068965517241,0.0,0.5235690235690236,0.4865649963689179,0.12376237623762376,0.08333333333333333,0.0,0.022388059701492536,0.6354466858789626
gmm,20,35,True,3264,7520,0.4340425531914894,0.5082758620689655,0.014899211218229623,0.4691358024691358,0.6397966594045026,0.22772277227722773,0.08333333333333333,0.0,0.022388059701492536,0.5353025936599424
gmm,20,32,True,3238,7520,0.4305851063829787,0.5082758620689655,0.0,0.47362514029180697,0.6245461147421931,0.2376237623762376,0.08333333333333333,0.0,0.022388059701492536,0.5367435158501441
gmm,20,38,True,3237,7520,0.43045212765957447,0.5082758620689655,0.0,0.43490460157126826,0.6528685548293391,0.16831683168316833,0.08333333333333333,0.0,0.022388059701492536,0.5677233429394812
gmm,3,5,False,3230,7520,0.4295212765957447,0.973103448275862,0.0,0.0,0.625998547567175,0.0,0.0,0.0,0.0,0.6894812680115274
gmm,3,8,False,3230,7520,0.4295212765957447,0.973103448275862,0.0,0.0,0.625998547567175,0.0,0.0,0.0,0.0,0.6894812680115274
gmm,3,6,False,3230,7520,0.4295212765957447,0.973103448275862,0.0,0.0,0.625998547567175,0.0,0.0,0.0,0.0,0.6894812680115274
gmm,3,7,False,3230,7520,0.4295212765957447,0.973103448275862,0.0,0.0,0.625998547567175,0.0,0.0,0.0,0.0,0.6894812680115274
gmm,10,17,True,3212,7520,0.4271276595744681,0.7034482758620689,0.0,0.48148148148148145,0.523602033405955,0.0049504950495049506,0.08333333333333333,0.0,0.0,0.44020172910662825
gmm,3,30,True,3193,7520,0.42460106382978724,0.7317241379310345,0.0,0.15600448933782268,0.6085693536673928,0.10891089108910891,0.08333333333333333,0.0,0.022388059701492536,0.7132564841498559
gmm,3,3,False,3186,7520,0.42367021276595745,0.973103448275862,0.0,0.0,0.6775599128540305,0.0,0.0,0.0,0.0,0.6066282420749279
gmm,3,4,False,3186,7520,0.42367021276595745,0.973103448275862,0.0,0.0,0.6775599128540305,0.0,0.0,0.0,0.0,0.6066282420749279
gmm,10,14,True,3176,7520,0.4223404255319149,0.7034482758620689,0.0,0.27104377104377103,0.7690631808278867,0.0049504950495049506,0.08333333333333333,0.0,0.0,0.4409221902017291
gmm,20,13,True,3174,7520,0.4220744680851064,0.5937931034482758,0.0,0.4158249158249158,0.46332607116920843,0.01485148514851485,0.0,0.0,0.0,0.670749279538905
gmm,4,20,True,3171,7520,0.4216755319148936,0.7089655172413794,0.0,0.287317620650954,0.4277414669571532,0.2722772277227723,0.0,0.0,0.0,0.7110951008645533
gmm,2,21,True,3165,7520,0.4208776595744681,0.8096551724137931,0.0,0.04713804713804714,0.5911401597676107,0.297029702970297,0.0,0.0,0.0,0.7442363112391931
gmm,3,21,True,3165,7520,0.4208776595744681,0.7324137931034482,0.0,0.25084175084175087,0.46768336964415397,0.10891089108910891,0.0,0.0,0.0,0.7132564841498559
gmm,5,11,True,3141,7520,0.41768617021276594,0.7027586206896552,0.0,0.26318742985409654,0.48366013071895425,0.1485148514851485,0.0,0.0,0.0,0.6894812680115274
gmm,5,12,True,3141,7520,0.41768617021276594,0.7027586206896552,0.0,0.26262626262626265,0.4843863471314452,0.1485148514851485,0.0,0.0,0.0,0.6894812680115274
gmm,20,8,False,3141,7520,0.41768617021276594,0.9724137931034482,0.0,0.038159371492704826,0.7066085693536674,0.0,0.0,0.0,0.0,0.49711815561959655
gmm,5,13,True,3140,7520,0.4175531914893617,0.7027586206896552,0.0,0.26992143658810325,0.47421931735657225,0.1485148514851485,0.0,0.0,0.0,0.6894812680115274
gmm,5,14,True,3139,7520,0.4174202127659574,0.7027586206896552,0.0,0.26992143658810325,0.47276688453159044,0.15346534653465346,0.0,0.0,0.0,0.6894812680115274
gmm,5,15,True,3139,7520,0.4174202127659574,0.7027586206896552,0.0,0.26992143658810325,0.43790849673202614,0.3910891089108911,0.0,0.0,0.0,0.6894812680115274
gmm,2,20,True,3131,7520,0.4163563829787234,0.8096551724137931,0.0,0.0005611672278338945,0.6223674655047204,0.3465346534653465,0.0,0.0,0.0,0.7413544668587896
gmm,2,3,False,3131,7520,0.4163563829787234,0.9848275862068966,0.0,0.0,0.6005809731299927,0.0,0.0,0.0,0.0,0.6311239193083573
gmm,2,4,False,3131,7520,0.4163563829787234,0.9848275862068966,0.0,0.0,0.6005809731299927,0.0,0.0,0.0,0.0,0.6311239193083573
gmm,20,6,False,3128,7520,0.41595744680851066,0.9724137931034482,0.0,0.09259259259259259,0.6267247639796659,0.0,0.0,0.0,0.0,0.49711815561959655
gmm,20,7,False,3128,7520,0.41595744680851066,0.9724137931034482,0.0,0.09259259259259259,0.6267247639796659,0.0,0.0,0.0,0.0,0.49711815561959655
gmm,20,5,False,3128,7520,0.41595744680851066,0.9724137931034482,0.0,0.09259259259259259,0.6267247639796659,0.0,0.0,0.0,0.0,0.49711815561959655
gmm,20,4,False,3117,7520,0.41449468085106383,0.9724137931034482,0.0,0.0,0.738562091503268,0.0,0.0,0.0,0.0,0.49711815561959655
gmm,5,8,True,3057,7520,0.4065159574468085,0.7027586206896552,0.0,0.001122334455667789,0.7618010167029775,0.1485148514851485,0.0,0.0,0.0,0.6894812680115274
gmm,5,9,True,3056,7520,0.40638297872340423,0.7027586206896552,0.0,0.001122334455667789,0.7610748002904866,0.1485148514851485,0.0,0.0,0.0,0.6894812680115274
gmm,5,10,True,3056,7520,0.40638297872340423,0.7027586206896552,0.0,0.0005611672278338945,0.7618010167029775,0.1485148514851485,0.0,0.0,0.0,0.6894812680115274
gmm,10,15,True,2944,7520,0.39148936170212767,0.7034482758620689,0.0,0.21268237934904602,0.5206971677559913,0.0049504950495049506,0.08333333333333333,0.0,0.007462686567164179,0.5943804034582133
gmm,10,13,True,2909,7520,0.38683510638297874,0.7034482758620689,0.0,0.0005611672278338945,0.7690631808278867,0.0049504950495049506,0.08333333333333333,0.0,0.014925373134328358,0.5943804034582133
gmm,10,11,True,2908,7520,0.38670212765957446,0.7034482758620689,0.0,0.0005611672278338945,0.7690631808278867,0.0049504950495049506,0.08333333333333333,0.0,0.007462686567164179,0.5943804034582133
gmm,10,12,True,2907,7520,0.3865691489361702,0.7034482758620689,0.0,0.0005611672278338945,0.7690631808278867,0.0049504950495049506,0.08333333333333333,0.0,0.0,0.5943804034582133
gmm,10,9,True,2907,7520,0.3865691489361702,0.7027586206896552,0.0,0.0,0.7233115468409586,0.3217821782178218,0.08333333333333333,0.0,0.0,0.5951008645533141
gmm,10,6,True,2906,7520,0.38643617021276594,0.7034482758620689,0.0,0.0,0.7690631808278867,0.0,0.0,0.0,0.007462686567164179,0.5951008645533141
gmm,10,8,True,2906,7520,0.38643617021276594,0.7027586206896552,0.0,0.0,0.7690631808278867,0.0049504950495049506,0.08333333333333333,0.0,0.0,0.5951008645533141
gmm,10,4,True,2905,7520,0.3863031914893617,0.7041379310344827,0.0,0.0,0.7690631808278867,0.0,0.0,0.0,0.0,0.5943804034582133
gmm,20,30,True,2903,7520,0.3860372340425532,0.7931034482758621,0.0,0.4601571268237935,0.6608569353667393,0.0891089108910891,0.08333333333333333,0.0,0.022388059701492536,0.0007204610951008645
gmm,20,27,True,2901,7520,0.38577127659574467,0.7931034482758621,0.0,0.4612794612794613,0.6535947712418301,0.1188118811881188,0.08333333333333333,0.0,0.022388059701492536,0.0007204610951008645
gmm,20,25,True,2898,7520,0.3853723404255319,0.7931034482758621,0.0,0.4595959595959596,0.6615831517792302,0.06435643564356436,0.08333333333333333,0.0,0.022388059701492536,0.0007204610951008645
gmm,20,23,True,2898,7520,0.3853723404255319,0.7931034482758621,0.0,0.4393939393939394,0.6427015250544662,0.3712871287128713,0.08333333333333333,0.0,0.022388059701492536,0.0007204610951008645
gmm,10,18,True,2892,7520,0.38457446808510637,0.8662068965517241,0.0,0.5235690235690236,0.47421931735657225,0.2376237623762376,0.08333333333333333,0.0,0.007462686567164179,0.0
gmm,20,21,True,2865,7520,0.3809840425531915,0.7931034482758621,0.0,0.5948372615039281,0.4190268700072622,0.3613861386138614,0.08333333333333333,0.0,0.022388059701492536,0.0007204610951008645
gmm,20,20,True,2859,7520,0.38018617021276596,0.7931034482758621,0.0,0.5948372615039281,0.42193173565722586,0.3118811881188119,0.08333333333333333,0.0,0.022388059701492536,0.0007204610951008645
gmm,20,18,True,2854,7520,0.3795212765957447,0.7931034482758621,0.0,0.5948372615039281,0.46405228758169936,0.01485148514851485,0.08333333333333333,0.0,0.0,0.0007204610951008645
gmm,20,6,True,2710,7520,0.3603723404255319,0.9103448275862069,0.0,0.41245791245791247,0.4625998547567175,0.0891089108910891,0.0,0.0,0.0,0.0
gmm,20,17,True,2706,7520,0.3598404255319149,0.9103448275862069,0.0,0.4158249158249158,0.46405228758169936,0.01485148514851485,0.08333333333333333,0.0,0.007462686567164179,0.0007204610951008645
gmm,20,15,True,2705,7520,0.35970744680851063,0.9103448275862069,0.0,0.4163860830527497,0.46405228758169936,0.01485148514851485,0.08333333333333333,0.0,0.0,0.0
gmm,20,14,True,2705,7520,0.35970744680851063,0.9103448275862069,0.0,0.4158249158249158,0.46114742193173563,0.039603960396039604,0.08333333333333333,0.0,0.0,0.0
gmm,20,5,True,2704,7520,0.3595744680851064,0.9103448275862069,0.0,0.4118967452300786,0.4720406681190995,0.0,0.0,0.0,0.0,0.0
gmm,20,11,True,2703,7520,0.3594414893617021,0.9103448275862069,0.0,0.4158249158249158,0.46332607116920843,0.01485148514851485,0.08333333333333333,0.0,0.0,0.0
gmm,20,12,True,2703,7520,0.3594414893617021,0.9103448275862069,0.0,0.22839506172839505,0.7073347857661583,0.0049504950495049506,0.08333333333333333,0.0,0.0,0.0
gmm,20,10,True,2702,7520,0.3593085106382979,0.9103448275862069,0.0,0.4158249158249158,0.46405228758169936,0.0049504950495049506,0.08333333333333333,0.0,0.0,0.0
gmm,20,7,True,2658,7520,0.35345744680851066,0.9103448275862069,0.0,0.5022446689113356,0.31953522149600583,0.01485148514851485,0.0,0.0,0.0,0.0
gmm,20,8,True,2658,7520,0.35345744680851066,0.9103448275862069,0.0,0.5028058361391695,0.31953522149600583,0.0049504950495049506,0.08333333333333333,0.0,0.0,0.0
gmm,20,9,True,2658,7520,0.35345744680851066,0.9103448275862069,0.0,0.5022446689113356,0.31953522149600583,0.0049504950495049506,0.08333333333333333,0.0,0.0,0.0007204610951008645
gmm,4,18,True,2550,7520,0.3390957446808511,0.9662068965517241,0.0,0.26936026936026936,0.4444444444444444,0.28217821782178215,0.0,0.0,0.0,0.0
gmm,3,27,True,2548,7520,0.33882978723404256,0.9710344827586207,0.0,0.15432098765432098,0.6100217864923747,0.09900990099009901,0.16666666666666666,0.0,0.022388059701492536,0.0
gmm,4,14,True,2547,7520,0.3386968085106383,0.9662068965517241,0.0,0.26992143658810325,0.4647785039941903,0.12376237623762376,0.0,0.0,0.0,0.0
gmm,4,17,True,2547,7520,0.3386968085106383,0.9662068965517241,0.0,0.27048260381593714,0.46550472040668117,0.11386138613861387,0.0,0.0,0.0,0.0
gmm,4,15,True,2546,7520,0.33856382978723404,0.9662068965517241,0.0,0.27048260381593714,0.4647785039941903,0.11386138613861387,0.0,0.0,0.0,0.0
gmm,10,4,False,2545,7520,0.3384308510638298,0.9855172413793103,0.0,0.10437710437710437,0.6753812636165577,0.0,0.0,0.0,0.0,0.0
gmm,4,13,True,2543,7520,0.3381648936170213,0.9662068965517241,0.0,0.26936026936026936,0.46114742193173563,0.13366336633663367,0.0,0.0,0.0,0.0
gmm,3,15,True,2538,7520,0.3375,0.9710344827586207,0.0,0.2542087542087542,0.4625998547567175,0.19801980198019803,0.0,0.0,0.0,0.0
gmm,3,17,True,2534,7520,0.336968085106383,0.9710344827586207,0.0,0.25308641975308643,0.4625998547567175,0.18811881188118812,0.0,0.0,0.0,0.0
gmm,3,18,True,2534,7520,0.336968085106383,0.9710344827586207,0.0,0.25308641975308643,0.4596949891067538,0.2079207920792079,0.0,0.0,0.0,0.0
gmm,3,14,True,2533,7520,0.3368351063829787,0.9710344827586207,0.0,0.25140291806958476,0.46187363834422657,0.20297029702970298,0.0,0.0,0.0,0.0
gmm,3,20,True,2533,7520,0.3368351063829787,0.9710344827586207,0.0,0.25252525252525254,0.4596949891067538,0.2079207920792079,0.0,0.0,0.0,0.0
gmm,3,12,True,2533,7520,0.3368351063829787,0.9710344827586207,0.0,0.25084175084175087,0.46332607116920843,0.19801980198019803,0.0,0.0,0.0,0.0
gmm,20,4,True,2532,7520,0.33670212765957447,0.9103448275862069,0.0,0.5723905723905723,0.1394335511982571,0.0,0.0,0.0,0.0,0.0
gmm,3,13,True,2532,7520,0.33670212765957447,0.9710344827586207,0.0,0.250280583613917,0.4647785039941903,0.18811881188118812,0.0,0.0,0.0,0.0
gmm,10,3,False,2501,7520,0.3325797872340426,0.9855172413793103,0.0,0.23737373737373738,0.4713144517066086,0.0,0.0,0.0,0.0,0.0
gmm,10,2,False,2474,7520,0.32898936170212767,0.9855172413793103,0.0,0.0,0.7588961510530138,0.0,0.0,0.0,0.0,0.0
gmm,4,10,True,2472,7520,0.32872340425531915,0.9662068965517241,0.0,0.001122334455667789,0.7523602033405955,0.16336633663366337,0.0,0.0,0.0,0.0
gmm,4,12,True,2472,7520,0.32872340425531915,0.9662068965517241,0.0,0.0,0.7581699346405228,0.13366336633663367,0.0,0.0,0.0,0.0
gmm,5,6,True,2472,7520,0.32872340425531915,0.96,0.0,0.0005611672278338945,0.7610748002904866,0.15346534653465346,0.0,0.0,0.0,0.0
gmm,5,5,True,2472,7520,0.32872340425531915,0.96,0.0,0.0005611672278338945,0.7610748002904866,0.15346534653465346,0.0,0.0,0.0,0.0
gmm,5,3,False,2471,7520,0.3285904255319149,0.9855172413793103,0.0,0.2962962962962963,0.3732752360203341,0.0,0.0,0.0,0.0,0.0
gmm,5,4,False,2471,7520,0.3285904255319149,0.9855172413793103,0.0,0.2962962962962963,0.3732752360203341,0.0,0.0,0.0,0.0,0.0
gmm,5,7,True,2471,7520,0.3285904255319149,0.96,0.0,0.0005611672278338945,0.7610748002904866,0.1485148514851485,0.0,0.0,0.0,0.0
gmm,4,11,True,2471,7520,0.3285904255319149,0.9662068965517241,0.0,0.0,0.7538126361655774,0.15841584158415842,0.0,0.0,0.0,0.0
gmm,5,4,True,2471,7520,0.3285904255319149,0.96,0.0,0.0,0.7610748002904866,0.15346534653465346,0.0,0.0,0.0,0.0
gmm,4,9,True,2470,7520,0.32845744680851063,0.9662068965517241,0.0,0.0005611672278338945,0.7516339869281046,0.16336633663366337,0.0,0.0,0.0,0.0
gmm,4,7,True,2470,7520,0.32845744680851063,0.9662068965517241,0.0,0.0,0.7523602033405955,0.16336633663366337,0.0,0.0,0.0,0.0
gmm,4,4,True,2469,7520,0.3283244680851064,0.9662068965517241,0.0,0.0,0.7516339869281046,0.16336633663366337,0.0,0.0,0.0,0.0
gmm,4,8,True,2469,7520,0.3283244680851064,0.9662068965517241,0.0,0.0,0.7516339869281046,0.16336633663366337,0.0,0.0,0.0,0.0
gmm,4,6,True,2469,7520,0.3283244680851064,0.9662068965517241,0.0,0.0,0.7516339869281046,0.16336633663366337,0.0,0.0,0.0,0.0
gmm,4,5,True,2469,7520,0.3283244680851064,0.9662068965517241,0.0,0.0,0.7516339869281046,0.16336633663366337,0.0,0.0,0.0,0.0
gmm,3,11,True,2467,7520,0.3280585106382979,0.9710344827586207,0.0,0.0005611672278338945,0.738562091503268,0.20297029702970298,0.0,0.0,0.0,0.0
gmm,3,5,True,2465,7520,0.32779255319148937,0.9710344827586207,0.0,0.0005611672278338945,0.7378358750907771,0.19801980198019803,0.0,0.0,0.0,0.0
gmm,3,7,True,2465,7520,0.32779255319148937,0.9710344827586207,0.0,0.0005611672278338945,0.7378358750907771,0.19801980198019803,0.0,0.0,0.0,0.0
gmm,3,6,True,2465,7520,0.32779255319148937,0.9710344827586207,0.0,0.0005611672278338945,0.7378358750907771,0.19801980198019803,0.0,0.0,0.0,0.0
gmm,3,10,True,2465,7520,0.32779255319148937,0.9710344827586207,0.0,0.0005611672278338945,0.738562091503268,0.19306930693069307,0.0,0.0,0.0,0.0
gmm,3,9,True,2465,7520,0.32779255319148937,0.9710344827586207,0.0,0.0005611672278338945,0.738562091503268,0.19306930693069307,0.0,0.0,0.0,0.0
gmm,3,8,True,2465,7520,0.32779255319148937,0.9710344827586207,0.0,0.0005611672278338945,0.738562091503268,0.19306930693069307,0.0,0.0,0.0,0.0
gmm,3,4,True,2464,7520,0.3276595744680851,0.9710344827586207,0.0,0.0,0.7378358750907771,0.19801980198019803,0.0,0.0,0.0,0.0
gmm,5,3,True,2464,7520,0.3276595744680851,0.96,0.0,0.0,0.7785039941902687,0.0,0.0,0.0,0.0,0.0
gmm,5,2,True,2464,7520,0.3276595744680851,0.96,0.0,0.0,0.7785039941902687,0.0,0.0,0.0,0.0,0.0
gmm,4,3,True,2460,7520,0.3271276595744681,0.9662068965517241,0.0,0.0,0.7690631808278867,0.0,0.0,0.0,0.0,0.0
gmm,4,2,True,2460,7520,0.3271276595744681,0.9662068965517241,0.0,0.0,0.7690631808278867,0.0,0.0,0.0,0.0,0.0
gmm,20,3,False,2449,7520,0.3256648936170213,0.9875862068965517,0.0,0.0,0.738562091503268,0.0,0.0,0.0,0.0,0.0
gmm,20,2,False,2449,7520,0.3256648936170213,0.9875862068965517,0.0,0.0,0.738562091503268,0.0,0.0,0.0,0.0,0.0
gmm,3,2,True,2447,7520,0.32539893617021276,0.9710344827586207,0.0,0.0,0.7545388525780683,0.0,0.0,0.0,0.0,0.0
gmm,3,3,True,2447,7520,0.32539893617021276,0.9710344827586207,0.0,0.0,0.7545388525780683,0.0,0.0,0.0,0.0,0.0
gmm,10,10,True,2447,7520,0.32539893617021276,0.953103448275862,0.0,0.0005611672278338945,0.7240377632534495,0.3217821782178218,0.08333333333333333,0.0,0.007462686567164179,0.0
gmm,10,7,True,2442,7520,0.3247340425531915,0.953103448275862,0.0,0.0,0.7690631808278867,0.0049504950495049506,0.0,0.0,0.0,0.0
gmm,10,2,True,2441,7520,0.3246010638297872,0.953103448275862,0.0,0.0,0.7690631808278867,0.0,0.0,0.0,0.0,0.0
gmm,10,3,True,2441,7520,0.3246010638297872,0.953103448275862,0.0,0.0,0.7690631808278867,0.0,0.0,0.0,0.0,0.0
gmm,10,5,True,2441,7520,0.3246010638297872,0.953103448275862,0.0,0.0,0.7690631808278867,0.0,0.0,0.0,0.0,0.0
gmm,5,2,False,2432,7520,0.32340425531914896,0.9855172413793103,0.0,0.0,0.7283950617283951,0.0,0.0,0.0,0.0,0.0
gmm,2,15,True,2417,7520,0.3214095744680851,0.9855172413793103,0.0,0.0005611672278338945,0.6339869281045751,0.2079207920792079,0.0,0.0,0.0,0.05187319884726225
gmm,2,17,True,2417,7520,0.3214095744680851,0.9855172413793103,0.0,0.0005611672278338945,0.6339869281045751,0.2079207920792079,0.0,0.0,0.0,0.05187319884726225
gmm,2,18,True,2417,7520,0.3214095744680851,0.9855172413793103,0.0,0.0005611672278338945,0.6339869281045751,0.2079207920792079,0.0,0.0,0.0,0.05187319884726225
gmm,2,2,False,2414,7520,0.32101063829787235,0.9848275862068966,0.0,0.0,0.0,0.0,0.0,0.0,0.0,0.7103746397694525
gmm,2,14,True,2413,7520,0.32087765957446807,0.9855172413793103,0.0,0.0,0.6579520697167756,0.0297029702970297,0.0,0.0,0.0,0.05187319884726225
gmm,20,3,True,2399,7520,0.3190159574468085,0.9579310344827586,0.0,0.0,0.7334785766158315,0.0,0.0,0.0,0.0,0.0
gmm,20,2,True,2399,7520,0.3190159574468085,0.9579310344827586,0.0,0.0,0.7334785766158315,0.0,0.0,0.0,0.0,0.0
gmm,4,4,False,2395,7520,0.3184840425531915,0.9848275862068966,0.0,0.0,0.7022512708787219,0.0,0.0,0.0,0.0,0.0
gmm,4,2,False,2395,7520,0.3184840425531915,0.9848275862068966,0.0,0.0,0.7022512708787219,0.0,0.0,0.0,0.0,0.0
gmm,4,3,False,2395,7520,0.3184840425531915,0.9848275862068966,0.0,0.0,0.7022512708787219,0.0,0.0,0.0,0.0,0.0
gmm,2,11,True,2393,7520,0.318218085106383,0.9855172413793103,0.0,0.24579124579124578,0.3587509077705156,0.15841584158415842,0.0,0.0,0.0,0.0
gmm,2,10,True,2393,7520,0.318218085106383,0.9855172413793103,0.0,0.24579124579124578,0.3587509077705156,0.15841584158415842,0.0,0.0,0.0,0.0
gmm,2,9,True,2392,7520,0.3180851063829787,0.9855172413793103,0.0,0.2452300785634119,0.3587509077705156,0.15841584158415842,0.0,0.0,0.0,0.0
gmm,2,5,True,2390,7520,0.3178191489361702,0.9855172413793103,0.0,0.24803591470258138,0.35294117647058826,0.16336633663366337,0.0,0.0,0.0,0.0
gmm,2,12,True,2390,7520,0.3178191489361702,0.9855172413793103,0.0,0.0005611672278338945,0.6739288307915758,0.15841584158415842,0.0,0.0,0.0,0.0
gmm,2,13,True,2390,7520,0.3178191489361702,0.9855172413793103,0.0,0.0005611672278338945,0.6768336964415396,0.13861386138613863,0.0,0.0,0.0,0.0
gmm,2,7,True,2389,7520,0.31768617021276596,0.9855172413793103,0.0,0.0,0.6666666666666666,0.2079207920792079,0.0,0.0,0.0,0.0
gmm,2,8,True,2388,7520,0.3175531914893617,0.9855172413793103,0.0,0.0,0.6724763979665941,0.16336633663366337,0.0,0.0,0.0,0.0
gmm,2,6,True,2388,7520,0.3175531914893617,0.9855172413793103,0.0,0.0,0.6724763979665941,0.16336633663366337,0.0,0.0,0.0,0.0
gmm,2,4,True,2388,7520,0.3175531914893617,0.9855172413793103,0.0,0.0,0.6724763979665941,0.16336633663366337,0.0,0.0,0.0,0.0
gmm,2,3,True,2371,7520,0.31529255319148936,0.9855172413793103,0.0,0.0,0.6840958605664488,0.0,0.0,0.0,0.0,0.0
gmm,2,2,True,2371,7520,0.31529255319148936,0.9855172413793103,0.0,0.0,0.6840958605664488,0.0,0.0,0.0,0.0,0.0
gmm,3,2,False,2369,7520,0.31502659574468084,0.9903448275862069,0.0,0.0,0.6775599128540305,0.0,0.0,0.0,0.0,0.0
